bloco_MB,teste,alloc_ms,write_ms,read_ms,free_ms
100,1,37.221193,58.644578,403.308174,5.896047
100,2,38.127659,58.184930,402.914046,6.296385
100,3,35.995198,56.606885,402.392659,5.698827
100,4,38.458258,57.457932,403.480774,6.057556
100,5,35.674139,56.873745,404.886398,6.627614
100,6,38.304398,57.340993,403.153406,6.461194
100,7,36.604525,56.813345,402.523298,5.935456
100,8,37.336903,57.727681,402.291918,5.589058
100,9,37.519872,57.097654,402.463598,6.962922
100,10,37.298003,57.471732,402.733687,5.607578
100,11,37.829581,58.232789,403.802343,5.906287
100,12,37.319112,56.717465,404.795319,5.497578
100,13,37.771991,56.826505,404.537199,6.068977
100,14,37.274643,58.486828,402.392449,5.636127
100,15,37.239683,56.731775,402.845287,5.868247
100,16,36.889764,58.164230,402.429548,5.513198
100,17,39.121565,60.761850,402.512728,6.342544
100,18,37.175073,58.423539,412.253729,5.892777
100,19,36.934794,57.685771,406.561492,5.502608
100,20,36.964534,57.842701,405.063128,6.028816
100,21,38.027470,58.745128,405.569865,5.513858
100,22,37.532962,58.403769,404.952239,7.506270
100,23,37.978840,58.409298,403.491124,5.502008
100,24,37.112473,58.691248,403.712603,5.905587
100,25,37.445841,57.497553,402.918976,5.516018
100,26,36.355816,59.100246,402.540608,5.902296
100,27,37.580062,57.536913,402.843316,6.754573
100,28,36.604586,58.211969,404.048512,5.971426
100,29,36.992504,58.806907,405.243617,6.074136
100,30,37.354032,58.933167,405.750944,6.071547
100,31,37.792350,57.712911,402.480208,5.503689
100,32,37.409592,57.868122,402.480077,6.223636
100,33,37.902729,57.930371,402.392158,5.496449
100,34,36.992623,59.260556,402.429218,7.277051
100,35,37.062143,58.953707,402.260168,5.538319
100,36,37.309222,58.067960,402.293879,5.962926
100,37,37.554011,58.281380,402.236248,5.579378
100,38,37.453512,58.400159,402.477398,5.837007
100,39,37.583211,58.596248,402.531377,5.491929
100,40,37.173213,58.327399,402.679377,5.988766
100,41,37.867670,59.038476,402.540388,5.509818
100,42,37.197503,58.420399,402.900046,6.031626
100,43,37.818230,58.802807,402.601278,5.482958
100,44,37.181543,58.045890,403.781673,5.835677
100,45,37.650251,58.804177,402.364938,5.647308
100,46,37.100843,58.307539,402.822427,5.864296
100,47,37.596692,58.552838,402.256709,5.506258
100,48,37.230742,58.279530,402.340118,6.025406
100,49,36.943344,57.296853,402.497968,6.473614
100,50,37.495022,57.775771,402.459528,5.863857
100,51,37.073043,58.078700,402.432488,5.483818
100,52,36.722265,57.496033,402.412908,5.919006
100,53,36.709435,58.186660,402.455287,5.473499
100,54,37.428642,57.562082,402.427128,5.846987
100,55,36.817374,58.119610,402.466228,5.454808
100,56,36.989114,57.566012,402.399608,5.941447
100,57,36.765354,58.167960,402.430968,5.468388
100,58,37.476872,57.599512,402.486438,5.800427
100,59,37.031963,58.134880,402.441948,5.489678
100,60,36.995504,57.597412,402.820426,5.937997
100,61,37.030073,58.522658,403.020056,5.474878
100,62,37.540602,57.976070,405.429237,5.891837
100,63,36.883594,58.815868,404.500999,5.467489
100,64,36.375205,57.801632,402.431078,6.048356
100,65,37.228573,59.083016,404.060081,5.475008
100,66,37.339003,57.799461,402.948836,6.894872
100,67,37.042714,56.571116,402.466908,5.549738
100,68,38.094289,57.751202,402.446577,7.169052
100,69,37.502131,56.656896,402.335098,5.852047
100,70,38.586188,58.034600,402.361978,6.296365
100,71,36.913194,55.944809,402.314988,5.765488
100,72,39.359555,58.120710,402.811526,6.094496
100,73,36.467306,55.921958,402.305379,5.755227
100,74,37.798970,58.082071,402.255348,6.245415
100,75,36.524736,55.835899,402.327018,5.762608
100,76,39.395174,57.995640,406.950600,6.086346
100,77,37.181053,56.510956,411.621932,5.915736
100,78,38.626028,58.126000,410.744495,7.507350
100,79,37.560071,58.528068,407.746068,6.128805
100,80,39.284505,56.186717,412.757757,6.638094
100,81,38.667127,58.507508,408.699434,6.624483
100,82,36.676825,56.512037,413.483524,7.073532
100,83,38.344768,58.446619,403.879172,5.518908
100,84,36.774134,57.771642,402.528747,5.895807
100,85,38.662557,56.523156,403.976632,5.602568
100,86,37.478952,58.175579,404.281801,5.829787
100,87,38.702257,56.643366,403.774262,5.533909
100,88,36.875165,58.024030,402.719977,5.937636
100,89,38.049909,56.710116,402.491678,5.517088
100,90,37.126883,57.829251,402.472438,5.825207
100,91,38.405938,56.589836,402.698717,6.382174
100,92,37.273163,57.507032,409.089672,7.282671
100,93,38.344179,58.655547,406.342653,5.847777
100,94,37.490661,58.217850,402.612627,6.152796
100,95,38.711257,56.948834,402.360188,5.738628
100,96,37.358362,58.135930,404.550599,6.149326
100,97,38.539937,56.320078,402.272028,5.732677
100,98,36.566446,57.833541,405.736815,6.946832
100,99,38.249929,58.519328,411.739611,7.224232
100,100,37.659661,56.598666,402.582807,5.659958
200,1,75.215023,120.574513,809.743236,10.519699
200,2,76.646216,143.416983,836.121912,13.141908
200,3,75.799320,120.059255,820.574293,12.300902
200,4,74.294146,116.917877,806.779038,12.405711
200,5,73.183701,117.057476,811.636270,12.454930
200,6,75.663501,116.310290,810.770282,12.634620
200,7,72.610183,116.351819,812.990764,12.697930
200,8,76.402817,118.483582,807.191416,12.554621
200,9,73.114170,117.282726,805.142855,11.851323
200,10,74.165217,115.100114,805.530793,12.371802
200,11,73.967597,115.901001,804.751586,12.393222
200,12,73.860818,117.178287,804.696556,12.417201
200,13,74.711894,116.181531,804.744226,13.100178
200,14,72.636433,115.528133,804.714687,12.366241
200,15,74.767524,116.190901,804.740027,13.121638
200,16,73.280370,115.259044,805.046185,12.507820
200,17,75.047363,117.282096,816.048692,12.845099
200,18,74.546645,119.446538,807.799564,12.426311
200,19,74.390175,117.561845,808.341052,12.596970
200,20,73.511219,117.751655,805.178214,13.089018
200,21,74.935233,115.433284,804.890276,12.667230
200,22,74.528935,116.316510,805.298254,12.589351
200,23,75.258723,116.852367,804.816526,13.213288
200,24,73.536299,115.835392,804.886166,12.125072
200,25,74.576255,117.046876,804.663717,12.225052
200,26,74.464875,117.428976,804.696423,12.159742
200,27,74.711833,117.824051,804.883998,12.238841
200,28,73.143949,117.914681,804.801468,12.189802
200,29,75.176791,116.974344,804.778209,13.355097
200,30,74.781073,115.614010,804.485240,12.131412
200,31,75.745799,116.971735,804.820228,12.171182
200,32,74.633983,117.377713,804.843638,12.158782
200,33,74.706552,117.741702,808.159505,12.371491
200,34,75.293780,118.125560,807.072419,11.981893
200,35,74.774512,116.730086,804.668989,12.208681
200,36,74.551823,117.038575,804.449400,12.225961
200,37,75.237841,116.755045,805.134677,12.199102
200,38,73.864526,116.772125,805.053677,13.312347
200,39,72.935280,116.654166,805.678135,12.187481
200,40,74.528914,117.237884,804.966467,12.584220
200,41,71.296106,116.698286,808.108875,12.628360
200,42,76.869524,119.215606,806.222182,13.272178
200,43,70.922128,116.286558,805.640535,13.345737
200,44,73.871146,116.720795,804.497980,12.428741
200,45,78.912027,116.713955,804.764039,12.528370
200,46,70.857558,119.304405,805.014628,13.173367
200,47,77.589302,117.282944,805.097437,13.071969
200,48,72.311413,116.994872,804.668319,12.538630
200,49,78.523327,116.187848,804.489330,12.583670
200,50,71.192916,116.048229,807.887826,12.628089
200,51,78.135470,117.718791,815.407207,13.558896
200,52,74.170026,116.582956,804.975587,11.792733
200,53,76.736185,115.056702,804.650589,12.656500
200,54,73.335598,116.315917,806.566872,12.689299
200,55,77.290013,117.658542,804.558569,13.209907
200,56,70.644059,118.667498,805.537456,12.639779
200,57,76.729875,118.395089,807.204819,13.515876
200,58,71.897364,116.186087,812.105630,13.334567
200,59,76.032317,115.725770,805.071807,12.605670
200,60,73.804086,116.504117,805.011558,12.640430
200,61,76.103787,116.732966,807.584337,12.880829
200,62,74.299444,117.582302,805.552926,12.671889
200,63,76.650495,115.240852,804.894828,12.835809
200,64,75.231910,117.898451,814.407480,12.767080
200,65,78.216638,117.629292,811.523872,13.156947
200,66,74.783653,117.960900,805.606236,13.457476
200,67,78.370928,145.406712,882.645089,11.783602
200,68,77.715171,124.733674,892.619669,12.630950
200,69,76.718144,117.418033,809.945888,10.882237
200,70,76.700565,120.322142,806.067883,13.203657
200,71,74.468394,117.420713,805.665315,12.807139
200,72,75.382110,116.832005,806.134933,13.238958
200,73,74.075765,119.104146,818.212335,13.096098
200,74,77.033053,118.361979,805.538546,12.947618
200,75,73.952066,116.513097,805.474035,12.919339
200,76,75.893938,116.726066,805.764654,12.951719
200,77,73.517118,118.071280,807.314199,13.122617
200,78,76.906394,119.911343,812.754617,12.747839
200,79,74.359844,117.436803,805.665705,12.851409
200,80,77.568011,119.430925,804.975698,14.014234
200,81,76.259016,115.561301,805.535405,13.794725
200,82,75.640029,118.958337,805.123197,13.578876
200,83,78.008510,116.828515,805.153817,13.070368
200,84,72.748540,116.830966,804.602779,13.071978
200,85,77.408292,116.827025,804.630759,13.047008
200,86,72.632891,117.171014,804.657829,13.003968
200,87,78.512168,116.747335,804.802159,12.983978
200,88,72.522231,117.162124,806.078604,12.827259
200,89,76.446176,115.369521,804.825388,12.907169
200,90,74.546834,116.358417,805.131867,13.697235
200,91,75.204891,115.700730,804.853618,12.796829
200,92,73.953466,116.965475,804.843428,13.002399
200,93,77.485491,116.590257,804.994607,12.578580
200,94,72.880740,118.443509,805.014737,12.506641
200,95,77.592501,117.844011,804.796478,12.661340
200,96,72.901880,117.331673,805.425876,13.580786
200,97,77.997050,122.220743,806.120683,11.902333
200,98,76.665655,119.501984,804.733839,14.818481
200,99,78.220289,119.278475,804.636949,13.633786
200,100,76.337156,117.182884,805.823805,13.373266
300,1,113.794047,173.374481,1212.880365,20.704327
300,2,113.359519,172.880973,1208.461032,20.561288
300,3,114.489525,172.886242,1208.745791,20.397079
300,4,110.418981,172.925862,1207.548636,20.530648
300,5,116.015109,172.624183,1207.178578,20.499808
300,6,111.146918,172.933292,1207.188988,20.507858
300,7,118.716038,175.545661,1207.233058,20.535178
300,8,110.784799,173.350950,1208.085904,22.185682
300,9,115.972269,175.751351,1207.967544,21.458525
300,10,117.746892,174.073558,1207.790865,20.937036
300,11,114.405965,173.776059,1207.621846,20.970256
300,12,116.437027,173.999798,1207.472587,21.198245
300,13,113.928627,176.092929,1207.424177,21.094726
300,14,114.910153,174.941244,1207.440196,20.867797
300,15,118.222470,176.842606,1207.568637,21.142825
300,16,112.766802,174.501825,1207.280628,20.857787
300,17,114.720743,173.593590,1207.628185,20.947857
300,18,112.842961,174.060158,1207.360207,20.918906
300,19,118.315789,174.023038,1207.776675,20.987107
300,20,114.158436,174.925574,1207.336377,20.991856
300,21,116.911075,174.476286,1213.247333,21.112106
300,22,114.684794,176.828367,1209.924116,21.778164
300,23,115.836479,173.238871,1209.452528,21.230876
300,24,116.189027,174.048888,1206.952179,20.870017
300,25,115.734199,173.169581,1207.828495,20.806418
300,26,116.063648,173.412030,1207.191887,20.917247
300,27,116.837186,173.479770,1207.587616,20.845767
300,28,115.308312,173.778528,1206.960379,20.958746
300,29,116.382887,173.498290,1207.176178,20.924276
300,30,115.655520,173.223531,1207.325297,21.013957
300,31,116.494836,173.727339,1207.298157,20.942267
300,32,115.886269,176.928436,1206.949328,21.028137
300,33,115.692479,173.920449,1207.413896,21.037526
300,34,115.244322,173.701939,1207.087888,21.017756
300,35,116.949985,174.044728,1207.040118,21.006926
300,36,115.737060,173.909598,1206.891626,21.048193
300,37,116.331600,174.180402,1207.050472,21.056814
300,38,115.765974,176.564714,1207.036672,21.003664
300,39,116.863475,176.898180,1207.178311,21.025264
300,40,114.267996,173.990344,1207.066642,21.052534
300,41,116.396759,173.942235,1207.490188,20.954774
300,42,116.928495,173.645457,1207.113391,21.179623
300,43,116.495908,173.385888,1208.352853,21.267711
300,44,112.038934,173.606567,1207.049302,20.162990
300,45,117.509071,173.772585,1206.846214,20.145250
300,46,110.064180,173.701026,1206.885553,20.149491
300,47,117.657170,174.138812,1206.924004,20.215130
300,48,109.621083,173.970064,1206.870844,20.228380
300,49,117.281802,176.307655,1207.045553,20.179160
300,50,109.973000,176.141477,1207.238400,20.111671
300,51,117.212003,173.860415,1207.087711,20.142061
300,52,109.605493,174.086123,1207.077222,20.174580
300,53,116.683107,176.143006,1206.987563,20.235040
300,54,109.936140,173.489178,1207.018093,21.229262
300,55,119.267087,177.944332,1207.370740,21.040294
300,56,111.391728,174.935906,1207.729568,20.984323
300,57,115.623795,177.422777,1207.455299,21.057273
300,58,111.803086,175.231044,1207.592618,21.186992
300,59,116.370999,173.902875,1207.590408,21.026933
300,60,117.744959,173.919524,1207.531808,20.918725
300,61,114.070308,174.244712,1221.198690,22.294604
300,62,119.409685,175.956408,1207.534699,21.063324
300,63,113.750390,176.004607,1207.317411,21.169632
300,64,118.026047,173.512977,1207.132932,21.194092
300,65,113.737120,176.187426,1206.959223,22.387493
300,66,119.121418,176.991340,1207.408139,21.027303
300,67,112.634759,175.172725,1206.984763,20.893274
300,68,118.698061,176.623823,1207.058532,21.130403
300,69,113.133795,175.109785,1207.010222,21.342621
300,70,113.608812,174.056273,1207.882745,20.447488
300,71,109.565544,173.994513,1207.392210,20.437258
300,72,118.044446,176.483584,1207.296340,20.408829
300,73,109.729422,176.588963,1207.505359,20.073161
300,74,114.472704,173.390559,1207.351569,20.165531
300,75,110.355568,175.844169,1207.682967,20.139561
300,76,113.495932,173.291309,1207.762057,20.459788
300,77,112.198813,173.619337,1207.393679,20.479678
300,78,115.866523,173.594517,1207.486969,20.313259
300,79,112.286952,173.702436,1207.307870,20.312699
300,80,114.723383,175.994999,1207.226211,20.343979
300,81,120.276878,173.404569,1208.147433,20.877285
300,82,108.431302,172.326187,1207.878476,19.477236
300,83,112.270702,175.432553,1208.443711,20.069871
300,84,111.219080,173.718336,1208.312702,21.045834
300,85,118.793191,176.320145,1207.351250,21.177452
300,86,113.295914,177.543196,1207.030142,21.317971
300,87,116.213681,175.640681,1207.233480,21.453280
300,88,113.051586,177.433266,1206.966493,21.402521
300,89,119.055178,174.765758,1207.290210,21.387151
300,90,112.904307,177.312168,1207.039702,21.818758
300,91,118.216716,175.694540,1207.328530,21.440500
300,92,114.030038,177.640976,1206.944873,21.511090
300,93,119.986290,175.486972,1206.989943,21.416560
300,94,113.691981,175.244793,1206.887244,21.471980
300,95,118.597642,175.370242,1207.176822,21.551019
300,96,112.898527,177.584735,1206.914633,21.414001
300,97,118.827260,176.049478,1206.901073,21.374661
300,98,112.826238,174.923446,1208.291373,21.872517
300,99,119.042558,177.824703,1207.078542,21.042564
300,100,109.830081,176.351835,1206.853033,21.102584
400,1,154.437278,233.932880,1614.133792,28.351896
400,2,160.772388,234.786333,1609.277580,27.931009
400,3,152.577773,236.357451,1610.727479,29.347319
400,4,156.373233,233.157566,1610.493431,28.440055
400,5,158.913233,232.957017,1609.914586,28.063437
400,6,153.135169,236.483360,1609.999454,28.528494
400,7,158.114850,232.923918,1609.557128,26.317752
400,8,152.772062,233.021226,1610.359343,28.321075
400,9,160.579620,233.071626,1609.994805,28.022319
400,10,151.140374,236.107242,1610.886068,28.311356
400,11,160.553050,232.974557,1609.890506,29.246578
400,12,153.483646,232.229473,1610.007855,28.369595
400,13,153.397957,235.731625,1609.231171,28.774103
400,14,154.706637,234.281986,1609.247181,27.751761
400,15,153.491326,236.106772,1609.616389,26.301432
400,16,156.840870,232.318472,1609.764478,28.028027
400,17,155.425244,232.427480,1609.801270,28.015637
400,18,155.956312,232.675368,1610.994774,28.068387
400,19,153.706482,232.521900,1610.091368,29.540730
400,20,157.808663,233.639844,1609.966329,28.174507
400,21,156.051912,233.174206,1617.600182,29.188402
400,22,155.199456,234.473420,1609.689750,28.624784
400,23,161.059058,232.758758,1609.933259,28.107047
400,24,153.523393,234.564390,1609.671530,28.361186
400,25,155.158135,234.283531,1609.737160,28.138327
400,26,151.319323,238.741090,1609.704270,28.557585
400,27,155.504724,232.991027,1609.723500,28.138547
400,28,151.047045,233.093236,1609.880420,28.277186
400,29,154.232750,235.677735,1610.293987,28.142677
400,30,152.911736,233.079307,1610.144769,28.389025
400,31,158.618019,233.179036,1610.524997,28.148976
400,32,149.752911,233.307576,1609.906209,28.252046
400,33,159.077937,238.872050,1610.511796,28.735084
400,34,156.139381,233.344525,1611.167383,28.841473
400,35,158.941898,237.050838,1610.178588,28.220696
400,36,153.818232,233.655234,1610.111438,28.261396
400,37,152.167340,233.029896,1612.247248,28.761104
400,38,152.690007,233.471394,1610.874915,28.382675
400,39,159.588425,233.927902,1610.280788,28.199236
400,40,150.882246,232.490129,1610.489747,26.063186
400,41,151.366894,232.048471,1611.157483,26.113577
400,42,146.313197,231.645234,1610.235677,25.773668
400,43,152.347439,231.548644,1610.138388,24.266945
400,44,147.533391,231.661164,1610.271507,26.083597
400,45,152.081080,232.375970,1610.371868,26.207976
400,46,147.923089,237.515586,1611.329613,27.202641
400,47,155.910822,237.913004,1609.878930,24.222785
400,48,147.679042,235.463115,1610.211138,27.561799
400,49,154.326710,236.339851,1610.204278,27.972207
400,50,151.927371,233.076867,1610.023718,28.419406
400,51,155.553434,236.582650,1609.914719,28.154977
400,52,153.508663,233.482005,1609.789830,28.465065
400,53,156.615878,235.906324,1610.193847,28.108987
400,54,152.580838,232.952907,1610.221928,28.448115
400,55,154.044131,233.362305,1610.188128,28.143847
400,56,152.854016,232.921978,1609.967240,28.429715
400,57,159.354466,233.041447,1610.706806,28.200786
400,58,154.767997,236.606320,1610.989044,28.507026
400,59,159.118667,234.041012,1610.193478,28.236526
400,60,154.742967,234.289432,1610.812124,28.531645
400,61,158.896188,233.145156,1611.218533,28.514065
400,62,153.640303,233.302555,1610.537287,28.367146
400,63,157.800043,233.627285,1613.622382,28.802024
400,64,156.705838,234.855058,1610.272637,28.790614
400,65,157.268805,236.062973,1619.203005,28.537145
400,66,157.710413,233.488455,1609.699100,28.147667
400,67,155.013406,239.047568,1617.052406,25.243070
400,68,157.311895,234.992278,1613.435753,29.667999
400,69,153.136715,236.268231,1610.340428,28.768684
400,70,151.906611,234.340481,1610.578006,28.570705
400,71,157.069976,233.582674,1609.620911,29.195801
400,72,154.946197,238.237272,1610.123098,28.240307
400,73,155.241435,234.812498,1610.630856,28.138347
400,74,154.867106,233.885593,1610.200498,27.839418
400,75,159.187487,233.063506,1610.029049,28.342076
400,76,157.068777,236.086592,1609.311912,28.348726
400,77,155.960012,234.153562,1610.082178,28.390475
400,78,156.245220,233.577585,1609.474301,28.304606
400,79,157.290656,233.445234,1609.385340,28.417142
400,80,156.406361,234.263977,1610.091953,28.707061
400,81,158.653682,236.637737,1610.371852,27.767925
400,82,154.279159,235.870750,1610.560922,28.284112
400,83,154.539458,240.499441,1609.991614,27.541996
400,84,155.833973,235.158733,1609.918024,28.633701
400,85,155.075946,233.941818,1610.628371,28.308263
400,86,160.246645,237.131075,1609.448056,28.268433
400,87,150.569455,234.062407,1609.743575,27.948644
400,88,155.363245,233.084082,1609.330606,28.483682
400,89,156.570470,233.486110,1609.387267,26.975038
400,90,148.914512,232.516725,1609.276276,29.409518
400,91,159.147809,237.139405,1609.477616,27.784635
400,92,152.521517,237.588312,1609.708325,28.440202
400,93,160.073306,235.434293,1609.542945,28.090094
400,94,152.827126,234.104938,1609.797066,28.514821
400,95,160.546234,233.751999,1609.673405,28.176673
400,96,153.168184,234.638795,1609.324477,28.494192
400,97,159.940386,237.284624,1610.296213,28.205633
400,98,152.619776,233.901318,1609.373617,28.464641
400,99,159.145460,233.868098,1609.368007,28.373382
400,100,156.030302,235.782750,1609.404657,28.299022
500,1,185.130541,290.092855,2011.618926,33.192572
500,2,192.628131,294.575716,2017.687681,33.236351
500,3,186.109398,290.585173,2011.760765,33.305831
500,4,190.936808,294.009639,2011.840715,33.209223
500,5,188.143429,290.210055,2011.748625,31.690678
500,6,188.879746,296.556508,2012.120874,31.217091
500,7,188.738356,290.122785,2011.967874,33.253442
500,8,189.846761,295.182194,2011.989245,33.195642
500,9,188.284378,294.563576,2012.805871,33.533091
500,10,185.331440,294.811296,2018.360168,33.264282
500,11,191.504574,294.903476,2012.983659,33.238383
500,12,190.202940,291.068581,2012.232883,33.393821
500,13,190.444279,290.932212,2011.756565,33.186702
500,14,189.427274,294.496036,2012.234384,33.810809
500,15,190.946447,293.785160,2012.099904,33.229982
500,16,184.107525,291.345160,2011.933175,33.694800
500,17,190.751738,294.010609,2011.985964,33.527921
500,18,189.525162,290.436874,2011.403727,32.052017
500,19,189.053225,290.678123,2011.731485,33.455992
500,20,192.395661,290.475083,2011.908945,33.194412
500,21,190.403189,293.696640,2011.747105,33.494301
500,22,190.207450,290.953622,2011.790825,33.431821
500,23,190.115361,290.543793,2011.660496,33.309641
500,24,191.676904,290.769263,2011.587815,33.584711
500,25,182.989870,292.366816,2012.545722,33.129152
500,26,192.125862,291.450950,2012.377692,33.016153
500,27,189.689262,290.613823,2012.034895,34.509356
500,28,190.680188,290.906452,2011.747245,33.199213
500,29,189.698962,294.793345,2012.110554,33.358962
500,30,194.121304,293.997210,2014.596583,33.062263
500,31,182.102154,293.756230,2018.534027,33.214082
500,32,189.172124,290.851623,2011.582425,33.125923
500,33,182.859281,289.688556,2012.147204,34.010949
500,34,190.882318,291.495909,2012.431693,33.078862
500,35,189.518643,290.407114,2012.947610,33.372302
500,36,189.662232,291.455700,2011.893314,33.218943
500,37,189.233674,292.426115,2011.540276,33.396932
500,38,190.409309,290.485833,2012.545902,33.292412
500,39,188.053249,295.361594,2012.594132,33.326821
500,40,196.062236,291.354181,2015.464170,30.839892
500,41,186.487235,290.688133,2014.731033,34.233108
500,42,190.470239,292.105077,2012.422313,33.641110
500,43,187.185533,294.328247,2022.006753,33.335021
500,44,188.224059,292.735615,2012.931360,34.052999
500,45,191.077096,290.605533,2013.788937,33.327431
500,46,190.995627,290.350174,2015.598500,33.355181
500,47,191.509705,290.721172,2012.431443,33.367781
500,48,190.102980,293.968860,2012.062544,32.280416
500,49,183.925676,289.618197,2012.125894,32.754764
500,50,189.278174,294.904926,2052.301127,32.733944
500,51,187.344292,294.553087,2015.027102,32.847683
500,52,189.889852,290.871762,2012.663051,33.133202
500,53,189.106655,290.696903,2011.866534,33.647381
500,54,189.952681,290.779622,2014.653963,33.133903
500,55,188.950666,291.751228,2012.790611,33.465381
500,56,190.269310,295.094024,2012.157384,33.278482
500,57,188.482547,291.193611,2011.881415,33.460611
500,58,191.422915,291.378770,2037.341799,33.776950
500,59,189.093174,295.731122,2029.669361,33.731120
500,60,186.608895,296.159280,2060.283004,35.283763
500,61,192.022772,293.414402,2024.867101,34.224767
500,62,188.402848,291.527879,2013.111390,34.685076
500,63,190.112610,290.688883,2013.369148,33.409932
500,64,190.848147,295.296504,2012.635141,33.945779
500,65,187.523261,289.945206,2014.458044,33.738970
500,66,189.110515,290.414384,2013.239219,33.908469
500,67,191.495714,298.935309,2055.802302,35.065295
500,68,191.904202,296.039081,2015.351410,32.080497
500,69,189.251934,291.254780,2012.157964,33.660240
500,70,189.562883,294.167218,2013.066110,33.258092
500,71,187.884330,291.439929,2013.168890,34.399667
500,72,192.149363,290.791082,2012.378253,33.921989
500,73,189.608812,290.859102,2012.220793,33.594491
500,74,190.921977,296.025351,2012.908310,34.557086
500,75,190.101421,295.542182,2012.645902,34.372108
500,76,191.088657,292.544395,2012.026594,33.883629
500,77,191.811474,291.042231,2012.253633,32.499215
500,78,187.382672,291.093391,2015.441030,34.125958
500,79,193.279417,292.402976,2012.387752,34.491307
500,80,188.449257,294.680766,2013.748977,34.997855
500,81,188.424427,294.601987,2043.128925,35.750962
500,82,193.141147,298.790889,2028.441216,33.549281
500,83,185.234941,296.976367,2016.453705,33.830690
500,84,191.931043,294.954006,2015.217851,33.073382
500,85,190.271510,292.684615,2013.190359,34.045239
500,86,187.327543,290.600453,2013.532413,33.627160
500,87,193.901509,291.672684,2012.762868,33.511821
500,88,187.221518,294.891110,2013.870134,33.918940
500,89,191.478539,291.869083,2013.044267,33.976359
500,90,188.295304,296.035715,2012.800457,33.784141
500,91,189.866637,296.338153,2012.995708,33.817389
500,92,189.754067,292.254932,2014.369601,33.891019
500,93,192.042327,295.947735,2012.718639,33.567751
500,94,187.867955,292.483030,2012.908288,34.251418
500,95,188.841451,291.863423,2012.819608,33.534421
500,96,186.964049,291.249126,2012.773409,33.775860
500,97,191.202320,291.063677,2012.710668,33.722151
500,98,190.343025,291.935143,2012.475119,33.818200
500,99,190.234365,291.586904,2012.231021,33.548811
500,100,187.842825,290.543820,2012.194490,33.731320
600,1,217.533403,357.214673,2416.909353,38.758108
600,2,225.621967,348.818231,2415.331300,38.903587
600,3,223.457997,353.831978,2414.738492,40.496430
600,4,226.749963,352.996451,2414.325095,39.995812
600,5,229.596880,348.247513,2414.043315,40.411171
600,6,224.651722,347.763086,2414.999401,40.071262
600,7,228.975253,350.823691,2414.932841,40.526770
600,8,224.188874,349.883336,2414.825582,40.038322
600,9,229.830899,357.210193,2416.102866,40.078312
600,10,226.809992,349.579347,2415.189101,40.068012
600,11,229.229091,348.600102,2414.363423,39.959273
600,12,229.044322,348.511312,2414.338354,40.031852
600,13,229.398891,353.379510,2415.172380,39.931873
600,14,227.253430,348.094794,2414.355264,40.260301
600,15,225.015880,349.149279,2414.097855,39.558425
600,16,226.121445,353.668889,2414.075485,40.308631
600,17,229.141862,353.792318,2414.462114,40.130261
600,18,228.359516,348.908750,2414.214054,40.031722
600,19,228.672644,348.585882,2415.021721,40.085212
600,20,228.760254,348.897219,2414.275615,40.021972
600,21,229.648459,351.692298,2415.102131,40.206461
600,22,229.470050,351.743607,2414.344405,40.080642
600,23,231.920479,348.644940,2414.063296,40.106502
600,24,225.369297,354.253537,2414.571973,40.031682
600,25,224.773591,353.146901,2414.336104,40.227232
600,26,227.315510,348.816340,2414.611443,40.181682
600,27,222.954269,349.078829,2414.217815,39.652454
600,28,227.314120,353.973787,2414.270964,40.081272
600,29,227.794638,348.441962,2414.373284,40.159942
600,30,229.853789,349.548886,2414.153326,40.498360
600,31,226.959381,352.746243,2413.863646,40.091612
600,32,227.029202,349.332668,2414.909311,40.326271
600,33,222.318212,348.908820,2417.620020,38.439829
600,34,226.250505,348.921730,2414.732912,40.646290
600,35,225.514709,350.581032,2414.561443,40.249352
600,36,227.953348,348.468782,2414.173725,40.353070
600,37,227.309780,350.110895,2414.099105,40.160752
600,38,228.664124,348.584992,2413.539358,40.041622
600,39,229.189681,350.878642,2414.045825,40.753189
600,40,227.429370,348.991029,2414.837492,40.488780
600,41,225.411549,351.473709,2426.938428,40.880758
600,42,228.176957,348.878890,2416.319415,40.547340
600,43,225.348109,348.587791,2415.428309,40.846659
600,44,225.851846,353.649919,2414.369464,40.273541
600,45,227.396380,349.523267,2414.544193,40.248311
600,46,226.758543,348.237483,2415.076351,40.213531
600,47,229.066032,353.543659,2414.255425,40.575630
600,48,229.293161,353.882738,2414.090565,40.215471
600,49,227.326950,349.030180,2414.309794,40.644859
600,50,228.400966,348.250712,2414.599963,40.766189
600,51,223.332418,350.106675,2418.257936,41.158567
600,52,228.223676,354.480986,2414.548313,40.138032
600,53,223.876035,349.514327,2414.389184,40.192031
600,54,231.686991,354.237276,2414.382504,40.169092
600,55,226.716752,352.285895,2416.043857,40.446450
600,56,226.588673,348.873661,2414.870861,40.735539
600,57,228.980653,349.254698,2415.173731,40.399241
600,58,228.141388,353.348300,2414.627573,40.436860
600,59,222.731060,349.152527,2415.258990,40.342301
600,60,226.996101,349.577107,2415.325029,40.269801
600,61,227.928428,354.739104,2414.606213,40.814599
600,62,226.830153,357.295592,2413.588448,37.742352
600,63,222.937310,349.155369,2416.840373,38.949026
600,64,220.880179,352.809112,2414.740273,37.905791
600,65,218.738168,353.704169,2414.303744,38.910768
600,66,225.959116,348.677721,2415.787057,40.289881
600,67,228.338296,351.661817,2415.086831,40.134872
600,68,227.636129,349.650106,2414.150615,40.770239
600,69,229.527130,349.509927,2414.174315,40.243002
600,70,228.829664,351.687107,2414.090876,40.323671
600,71,229.830819,353.237161,2415.233450,37.499913
600,72,227.971448,350.441703,2415.054971,40.312351
600,73,231.220462,350.727062,2413.729417,40.137212
600,74,229.546621,349.737336,2414.645558,40.683109
600,75,229.738113,353.701534,2414.574438,40.761000
600,76,222.861603,349.504723,2414.460919,40.237272
600,77,229.706653,349.461513,2414.275619,39.857444
600,78,221.389530,353.039447,2413.717142,39.187346
600,79,227.278354,354.292281,2415.015866,40.187622
600,80,228.074950,349.374893,2414.318579,40.980239
600,81,237.241479,350.758477,2421.701587,40.680670
600,82,220.519103,350.582458,2414.661558,40.207592
600,83,231.080837,349.503043,2416.442250,39.946753
600,84,223.658709,349.048795,2414.794827,40.255662
600,85,231.884614,349.341844,2415.109395,40.426371
600,86,226.987095,350.043000,2415.304485,40.914439
600,87,226.916495,350.781867,2415.728053,40.357711
600,88,228.179100,349.232403,2415.213416,40.292991
600,89,221.635209,349.419663,2415.748033,40.341751
600,90,223.971898,349.465032,2415.417615,40.316912
600,91,231.707194,350.284829,2415.926643,40.466590
600,92,229.133046,349.346323,2415.427224,40.405672
600,93,226.660797,349.073774,2415.059326,40.461761
600,94,225.741780,349.746531,2415.029736,40.267082
600,95,226.236658,352.775289,2414.398428,40.448641
600,96,229.521605,349.243633,2414.230080,40.795589
600,97,224.001057,349.675392,2414.493559,40.837619
600,98,233.901734,349.496142,2414.555618,39.836064
600,99,219.569868,349.024714,2414.495179,40.322551
600,100,226.065679,348.262378,2414.609598,40.836289
700,1,254.974271,413.508288,2820.718560,45.171490
700,2,260.975875,407.536725,2817.140035,44.912262
700,3,261.066883,407.661325,2818.745899,45.456749
700,4,260.605336,413.126881,2816.577878,44.936861
700,5,260.915695,408.166693,2816.715777,45.348399
700,6,262.806776,408.001894,2816.648568,45.254309
700,7,261.116984,413.453209,2818.533979,44.953212
700,8,261.550422,408.061593,2816.486619,45.211720
700,9,262.819406,407.890583,2816.562649,44.985831
700,10,260.939974,407.787584,2817.156706,45.228950
700,11,262.460138,409.822676,2815.674342,44.040445
700,12,260.274107,412.751402,2816.603498,44.967651
700,13,257.834758,412.894012,2816.316699,45.096381
700,14,259.786200,405.144836,2816.319149,45.174090
700,15,257.240351,407.175257,2816.197520,45.262239
700,16,260.364107,406.531830,2816.094511,44.990600
700,17,262.277549,408.085803,2815.908901,45.237669
700,18,262.626128,407.378297,2816.470088,44.961961
700,19,262.532998,407.758904,2816.485768,44.928291
700,20,260.775736,407.014488,2817.546953,44.880902
700,21,255.063761,409.718946,2826.166165,45.002641
700,22,260.909514,416.530076,2817.841613,44.786051
700,23,254.341374,407.736154,2817.459265,44.902171
700,24,254.773012,406.779678,2817.215006,44.032385
700,25,256.735223,407.262606,2816.860107,44.910051
700,26,260.663086,407.882874,2817.421114,45.020781
700,27,255.547378,413.341859,2818.050412,45.275220
700,28,259.727679,408.125601,2816.578979,44.898691
700,29,253.512926,406.368470,2817.199085,45.333940
700,30,256.837403,406.468490,2817.746963,45.153960
700,31,257.286841,407.716095,2818.312740,44.977191
700,32,263.627792,407.441566,2818.021782,44.998161
700,33,256.093946,412.196674,2818.168062,44.994820
700,34,257.420140,407.238657,2818.258001,45.271119
700,35,255.314870,413.419859,2817.183235,44.968111
700,36,260.916555,409.199288,2817.341255,45.315419
700,37,254.109834,412.270965,2817.160206,45.020610
700,38,262.753117,408.635600,2818.849908,45.296350
700,39,259.469481,407.639404,2817.357355,44.948461
700,40,259.718260,407.340506,2817.428004,45.006151
700,41,260.324707,410.809761,2822.730881,43.372398
700,42,257.848238,408.984359,2817.984252,44.979761
700,43,258.430355,407.862075,2819.245056,45.534368
700,44,259.492481,408.120143,2818.371160,45.213740
700,45,260.907145,408.458261,2817.074086,45.346829
700,46,257.374040,408.062204,2817.534014,45.410928
700,47,261.474373,409.185888,2817.353504,45.230050
700,48,260.708756,413.488669,2817.650573,45.081500
700,49,261.364323,408.407972,2817.422615,45.267469
700,50,259.123103,408.081663,2817.400369,45.443312
700,51,259.805755,409.856099,2817.509710,45.038473
700,52,260.762271,413.209284,2818.003528,45.017014
700,53,261.988126,413.275184,2817.497220,45.442622
700,54,259.011158,406.762293,2817.278691,45.107973
700,55,259.878794,412.747467,2817.276181,45.743790
700,56,261.423118,408.348276,2817.410440,45.030113
700,57,255.782913,409.192312,2817.447240,45.036243
700,58,257.659805,408.547904,2817.171042,45.013313
700,59,259.378327,408.522675,2822.358949,45.747870
700,60,261.032889,412.305409,2824.408129,45.734320
700,61,256.064561,407.716539,2819.677140,45.033054
700,62,260.275843,407.703249,2818.385256,45.414532
700,63,259.335317,411.874810,2819.010424,45.072033
700,64,254.410668,407.225561,2817.640420,45.087662
700,65,259.816575,412.880526,2817.446710,45.448922
700,66,254.743197,408.758254,2816.655464,45.497641
700,67,262.922911,412.854236,2817.041802,45.062833
700,68,259.098728,413.011376,2816.771323,45.102003
700,69,260.936610,406.402434,2817.102572,45.466841
700,70,259.421517,407.936787,2817.115312,45.446442
700,71,261.582837,412.075419,2818.439756,45.160143
700,72,258.929609,407.184240,2817.378691,45.612281
700,73,260.385012,408.476126,2816.898042,45.611911
700,74,258.688920,408.146188,2816.978682,45.130353
700,75,263.009591,407.960308,2816.883733,45.087153
700,76,259.029678,408.269656,2817.388930,45.264943
700,77,259.306747,408.336086,2817.422130,45.084373
700,78,263.884587,407.711359,2818.631505,45.065333
700,79,255.273104,406.963813,2817.601509,45.096343
700,80,259.333487,408.518565,2817.480490,45.085523
700,81,260.090904,411.175093,2818.506786,44.853074
700,82,255.514743,412.703457,2817.578700,45.051713
700,83,259.424896,413.443574,2817.562490,45.414461
700,84,256.253650,406.807883,2817.371411,45.514371
700,85,263.394659,408.007517,2816.991293,44.382376
700,86,253.830841,416.600140,2816.505255,45.103613
700,87,254.020740,408.947303,2817.233941,45.435262
700,88,260.452912,408.011067,2817.609969,45.501372
700,89,262.842521,407.595750,2820.098078,45.070213
700,90,257.075597,407.644199,2817.267501,45.579241
700,91,263.123279,407.423501,2817.404330,45.247382
700,92,263.777338,407.965697,2818.134097,45.505722
700,93,260.493761,410.757966,2818.350366,45.049773
700,94,255.486974,411.335423,2817.457790,45.257592
700,95,257.646734,406.988872,2817.855099,45.343442
700,96,255.204934,411.416363,2816.649744,45.430391
700,97,258.961169,408.172626,2817.758329,45.057703
700,98,260.645521,410.711086,2816.530194,45.603751
700,99,262.140925,407.906767,2816.622685,45.115502
700,100,259.141388,408.127107,2815.974506,45.478862
800,1,291.144238,468.477883,3218.735377,51.468515
800,2,290.445581,474.997175,3220.095591,51.239976
800,3,297.158611,468.513813,3219.416734,51.195317
800,4,299.665851,466.983780,3221.060807,49.086735
800,5,295.555229,472.531465,3221.082727,51.434505
800,6,298.275707,466.964340,3219.484144,51.469315
800,7,295.701288,473.223252,3218.976976,51.561965
800,8,294.620412,466.981820,3219.069756,50.987627
800,9,290.478401,466.974640,3219.320294,51.399836
800,10,292.988530,473.327372,3219.842613,51.559014
800,11,298.269047,474.974955,3220.071381,51.880953
800,12,293.757557,465.333717,3219.353584,51.352756
800,13,296.724504,465.941075,3219.843002,51.647104
800,14,290.746989,465.304428,3219.675043,51.480415
800,15,298.145378,466.253793,3219.197095,51.280845
800,16,296.217746,466.573292,3219.194395,51.579745
800,17,296.741894,473.008683,3219.171425,51.545155
800,18,293.780826,466.077554,3220.591479,51.557495
800,19,298.543654,469.720789,3219.324615,51.533765
800,20,293.382578,467.221358,3218.670370,51.256045
800,21,295.419700,468.940557,3219.403855,49.763692
800,22,292.984821,475.446437,3219.119256,51.216656
800,23,291.818786,467.331654,3220.485550,51.250526
800,24,289.681946,473.658355,3220.024402,51.236486
800,25,299.443531,468.411629,3220.214682,51.470935
800,26,297.697260,466.858636,3220.325831,51.495564
800,27,293.165390,466.574588,3219.366155,51.128937
800,28,297.709570,466.759296,3219.335486,51.529244
800,29,297.591420,466.448318,3218.947637,51.275266
800,30,295.767388,466.072390,3219.634294,51.520154
800,31,291.303958,465.998871,3218.953037,51.553964
800,32,294.173466,469.191655,3219.388425,51.660834
800,33,293.545138,465.533002,3219.911413,51.525785
800,34,298.540665,466.731817,3218.929127,51.597714
800,35,295.278871,470.264220,3219.351995,51.380326
800,36,296.502645,471.649775,3220.970748,51.318375
800,37,289.818835,468.175190,3228.834602,51.377996
800,38,293.366639,474.337112,3222.834489,51.512535
800,39,292.084004,475.115359,3222.537981,51.495804
800,40,294.740063,468.123210,3222.203213,51.670884
800,41,295.780939,480.686863,3224.284163,49.161585
800,42,297.363091,467.963111,3221.497656,51.780533
800,43,293.479389,466.271648,3220.077902,51.858533
800,44,298.350746,467.319955,3220.922988,51.575714
800,45,295.181501,467.472553,3220.480050,51.639364
800,46,300.321547,467.664834,3220.116072,51.921222
800,47,293.450700,473.205718,3219.538766,51.903952
800,48,295.436620,474.722960,3220.296701,51.571634
800,49,292.959771,475.640076,3219.830463,51.886503
800,50,295.077661,466.887617,3219.591034,52.077922
800,51,295.203050,474.752561,3220.119801,51.500365
800,52,291.164299,467.475253,3218.683429,51.833653
800,53,295.047861,465.831621,3219.269736,51.887763
800,54,297.173431,472.563250,3219.568255,51.539064
800,55,298.307957,466.371528,3219.661564,51.839193
800,56,296.405025,469.414624,3219.074277,51.664764
800,57,300.449067,472.310891,3219.088926,51.567105
800,58,297.209941,468.759398,3219.069596,51.933713
800,59,298.209367,467.214334,3218.863638,51.685724
800,60,297.403350,470.801929,3219.312215,52.016192
800,61,299.182183,468.344179,3221.417366,51.864263
800,62,297.072042,466.546427,3219.082077,51.679774
800,63,298.267886,465.804921,3218.679229,51.957132
800,64,295.575319,465.684282,3218.682048,51.709004
800,65,295.101131,473.174157,3219.331396,52.042992
800,66,295.592769,465.666901,3220.020542,51.677095
800,67,296.068407,467.021866,3219.534334,52.009122
800,68,297.999728,466.766247,3219.137496,51.992182
800,69,299.046674,466.882086,3218.908047,52.188322
800,70,297.932008,466.646337,3219.178196,52.131232
800,71,290.443222,466.471888,3219.524715,51.973202
800,72,294.841433,466.400388,3219.763663,51.662544
800,73,291.417289,466.643457,3220.625770,51.606204
800,74,297.548602,474.453381,3219.852963,51.978903
800,75,298.163277,468.131610,3219.977033,51.530004
800,76,291.817226,469.437245,3220.575140,52.027162
800,77,299.692660,467.553193,3220.599710,51.700903
800,78,296.437665,474.258662,3220.888399,51.703764
800,79,293.372459,471.281816,3219.449704,49.687883
800,80,294.286575,466.577007,3231.495280,51.571984
800,81,293.907277,474.326382,3223.890255,50.066861
800,82,296.693584,473.894264,3219.716034,52.233332
800,83,296.363635,466.670787,3219.649704,51.894023
800,84,297.482730,467.323194,3220.930498,51.764924
800,85,294.326684,466.477378,3221.595325,51.433355
800,86,298.600695,473.238967,3219.152287,52.171081
800,87,292.566933,467.195614,3218.775999,52.102141
800,88,294.254495,465.731972,3219.195996,51.834323
800,89,299.358161,467.744512,3218.754649,52.290470
800,90,298.599065,468.079591,3218.343480,52.246251
800,91,298.946644,467.846942,3218.633628,52.169462
800,92,298.893514,475.088449,3218.864838,52.167861
800,93,298.054888,474.548041,3219.727673,52.406951
800,94,304.478518,467.883742,3218.874187,50.099871
800,95,290.071124,466.222119,3219.697134,51.867703
800,96,296.656664,473.385556,3219.609075,51.762433
800,97,297.707669,467.358224,3220.372231,52.172011
800,98,296.172406,467.242495,3218.884087,52.085562
800,99,299.103952,474.468562,3219.138376,52.176272
800,100,297.386701,466.299659,3219.195416,52.215992
900,1,328.356569,527.200862,3622.981691,57.493417
900,2,331.663414,524.543943,3621.769486,57.742976
900,3,330.548000,523.454337,3622.088915,57.871596
900,4,332.173302,530.281916,3621.825956,57.761626
900,5,327.130575,532.157147,3621.154019,56.770101
900,6,327.107454,523.499608,3623.571027,57.750316
900,7,330.789449,523.615356,3621.465708,57.764226
900,8,332.942649,524.458113,3621.272738,57.782316
900,9,331.576704,524.294874,3621.380608,57.738656
900,10,333.730994,524.337114,3621.233358,57.903626
900,11,335.259657,525.461788,3622.428593,57.628527
900,12,327.759102,526.018956,3624.481223,56.540522
900,13,329.460974,528.780743,3622.278634,57.539567
900,14,334.314822,524.084064,3621.826816,57.835785
900,15,331.347976,524.292924,3622.212764,57.816935
900,16,329.150496,526.556183,3622.615192,57.771797
900,17,326.722317,524.690742,3622.821331,57.921365
900,18,327.946451,523.834606,3622.451223,57.905465
900,19,328.354499,525.811947,3622.582513,57.574426
900,20,333.435016,534.005369,3622.523223,55.264637
900,21,331.941193,530.168127,3621.723826,57.764966
900,22,334.212142,530.141997,3622.122735,56.935479
900,23,327.194445,528.596644,3622.498773,58.107194
900,24,328.244282,529.991278,3623.847647,57.593617
900,25,330.022631,528.973283,3621.513577,55.673346
900,26,328.003910,523.994336,3622.614302,57.727396
900,27,331.909673,527.488619,3620.755380,55.692646
900,28,331.316535,524.547563,3621.881635,57.834996
900,29,334.055133,531.295062,3621.566867,57.999085
900,30,327.029085,524.589442,3622.477213,57.841395
900,31,331.324886,525.131440,3623.945856,57.516527
900,32,329.447454,525.015880,3622.931441,57.883426
900,33,330.777478,533.021963,3622.881601,57.626117
900,34,331.788353,525.455779,3622.128794,57.944755
900,35,332.186902,532.468686,3623.857337,57.627846
900,36,328.884607,525.295299,3622.390843,56.350952
900,37,329.572374,523.725836,3622.785381,58.180535
900,38,330.946567,529.830718,3624.326065,56.108453
900,39,330.451100,530.299556,3623.319299,58.388863
900,40,331.689274,531.582740,3622.761482,57.922475
900,41,327.763962,528.825023,3629.468890,58.277264
900,42,330.926977,524.905398,3623.599106,57.848722
900,43,330.306133,523.991822,3622.959449,58.313800
900,44,329.134478,532.116257,3623.976534,57.880242
900,45,330.524032,524.146382,3623.246287,58.327920
900,46,326.389650,523.564424,3622.919829,58.316289
900,47,331.049110,531.369151,3622.737029,57.971222
900,48,335.457211,523.403515,3623.852355,57.964951
900,49,328.750111,527.542157,3621.836323,58.596409
900,50,328.557970,526.000514,3622.481981,57.921212
900,51,331.203819,524.880799,3624.742270,57.947422
900,52,335.181992,525.188547,3622.730340,57.980291
900,53,333.755268,525.970114,3622.643000,56.036739
900,54,329.251948,532.609215,3623.018709,58.027901
900,55,331.773428,531.308890,3622.821619,57.919942
900,56,335.797820,524.971628,3622.022922,57.475863
900,57,327.412646,525.011588,3622.684290,58.081790
900,58,334.118727,531.680429,3622.472241,58.255810
900,59,332.733193,524.902688,3622.767280,57.989451
900,60,329.712515,527.738157,3622.172462,56.669636
900,61,337.278053,535.516903,3625.287489,58.289050
900,62,334.087917,525.079358,3622.179062,57.689833
900,63,328.278932,525.772175,3623.063658,57.944261
900,64,333.130141,525.393906,3622.786430,57.946981
900,65,332.594193,524.685389,3624.516373,58.127490
900,66,327.333766,524.024102,3621.865094,58.388949
900,67,333.753668,526.505202,3625.441468,58.415559
900,68,332.986481,529.173610,3625.740897,58.286560
900,69,330.709501,525.271627,3622.917839,58.441499
900,70,336.663976,532.737484,3623.012109,58.128971
900,71,335.083442,530.091266,3622.157092,58.278280
900,72,328.026893,522.721738,3623.650015,58.296570
900,73,336.247587,524.540320,3620.913097,58.838518
900,74,331.920596,524.558780,3621.756904,58.129010
900,75,335.680770,524.884949,3621.885803,58.502269
900,76,332.153875,534.509897,3626.504993,58.529779
900,77,336.062719,525.089797,3625.802607,58.498658
900,78,329.018209,525.651915,3625.773087,58.330369
900,79,329.108099,531.125391,3625.122370,58.466799
900,80,332.144515,531.717549,3622.564450,58.449850
900,81,336.222688,529.227860,3623.493746,58.431269
900,82,334.048447,525.233637,3622.428571,58.539979
900,83,333.460059,524.862089,3625.414688,58.404519
900,84,334.587865,525.067008,3621.745204,57.427233
900,85,329.834265,525.234777,3622.548201,58.555198
900,86,335.849780,524.480880,3622.561900,58.734738
900,87,330.602462,526.885660,3622.716839,55.990620
900,88,329.849695,527.683816,3622.690740,58.505019
900,89,331.192450,525.181467,3623.237287,58.520129
900,90,332.268624,524.609480,3622.657080,58.492629
900,91,334.909733,528.923702,3622.338261,58.358879
900,92,334.254546,531.965569,3623.815165,57.091424
900,93,331.682997,524.363741,3622.626970,58.508609
900,94,333.305940,524.595100,3622.023302,56.423359
900,95,333.117530,525.225327,3622.744830,58.511979
900,96,336.173257,531.993629,3622.104112,57.848542
900,97,332.404905,525.260747,3622.681809,58.361980
900,98,337.228892,524.061422,3622.790629,58.102201
900,99,330.806541,523.542524,3623.295847,58.106231
900,100,332.934282,524.936618,3624.811071,58.125630
1000,1,364.344447,587.939968,4025.014904,63.764987
1000,2,363.315871,583.346768,4024.999864,64.231904
1000,3,365.131334,584.643332,4025.627371,64.212705
1000,4,366.929366,584.465832,4024.860465,64.286734
1000,5,368.161061,583.545857,4026.259438,63.950226
1000,6,366.140949,586.557514,4024.947114,64.340024
1000,7,368.651119,584.204224,4025.789400,64.674023
1000,8,362.412475,586.262655,4024.755365,62.377753
1000,9,367.048005,592.739057,4024.677326,62.334712
1000,10,364.407577,582.925219,4025.108444,64.177115
1000,11,371.048828,583.540787,4025.275162,64.362184
1000,12,370.212602,585.918287,4024.580056,64.249784
1000,13,363.155172,583.883845,4023.601920,64.215545
1000,14,367.373384,583.811416,4023.766309,64.271374
1000,15,365.167673,585.875527,4024.891495,64.286394
1000,16,371.276597,592.249139,4024.493987,64.289774
1000,17,369.479025,585.306949,4026.937166,63.769386
1000,18,363.307382,585.910316,4025.178743,64.028856
1000,19,361.258070,582.664761,4025.738760,64.293035
1000,20,368.493018,582.943190,4025.143963,64.344614
1000,21,369.915794,586.171465,4027.918871,63.959406
1000,22,370.853789,590.744956,4028.276500,64.931401
1000,23,363.649210,590.801166,4024.671705,64.102835
1000,24,371.179408,583.570837,4023.821520,64.523203
1000,25,368.203920,583.538037,4024.367207,64.039985
1000,26,363.625310,583.579657,4029.062746,64.179705
1000,27,362.186136,586.135296,4025.101134,62.190673
1000,28,363.715609,584.022515,4026.516508,64.092395
1000,29,364.520777,585.627598,4026.756896,62.192574
1000,30,366.828187,585.082900,4024.374756,64.328625
1000,31,369.549345,582.891280,4025.342973,64.535573
1000,32,368.776328,583.477677,4025.718302,64.240754
1000,33,367.343124,583.422077,4025.436812,64.293215
1000,34,372.120863,587.964598,4027.956811,64.327914
1000,35,363.047693,582.812070,4025.043304,64.692952
1000,36,368.854658,582.786520,4024.199957,64.699363
1000,37,370.459131,589.046693,4024.418547,64.336244
1000,38,372.641211,584.587493,4024.775875,64.902231
1000,39,367.803732,583.702396,4024.947175,64.181794
1000,40,364.332367,584.570063,4029.763723,64.273754
1000,41,370.911449,601.030692,4035.396299,64.717733
1000,42,367.427813,590.328068,4023.925129,64.808751
1000,43,368.143751,583.340168,4025.529701,64.813302
1000,44,368.729448,583.873746,4026.862986,64.428223
1000,45,363.493761,587.749269,4023.908898,63.244869
1000,46,374.284064,591.109105,4023.649589,64.373014
1000,47,367.740753,591.513432,4024.013208,65.016171
1000,48,372.681142,591.398542,4024.592226,65.000681
1000,49,368.322100,582.857530,4024.632411,64.866672
1000,50,367.106128,590.799309,4024.079822,64.938552
1000,51,368.519801,591.553337,4023.735413,64.588214
1000,52,370.824671,583.498360,4024.666730,64.299895
1000,53,369.475578,583.152422,4024.190052,64.921831
1000,54,370.408214,583.065472,4024.057922,64.981692
1000,55,372.452825,583.070402,4024.242302,64.716792
1000,56,363.222154,583.123222,4025.882865,64.452804
1000,57,366.488201,582.534374,4025.279158,64.638722
1000,58,373.930188,584.127898,4025.792815,64.841322
1000,59,370.120125,586.539507,4024.161982,64.704553
1000,60,365.537994,584.994914,4025.288557,64.979272
1000,61,372.107556,588.592958,4027.440258,64.452674
1000,62,370.177744,585.375813,4025.351366,64.642214
1000,63,372.766963,586.027350,4024.078301,64.882793
1000,64,369.987205,582.935092,4023.758224,64.928412
1000,65,369.451537,582.953954,4023.752304,64.936871
1000,66,369.265799,583.265171,4025.312907,64.896842
1000,67,372.191356,583.823629,4023.572984,64.863512
1000,68,369.904586,583.788099,4024.031473,64.952081
1000,69,373.173552,583.527770,4023.567074,64.901832
1000,70,363.566383,583.777949,4024.319031,64.558754
1000,71,369.888175,584.580616,4025.063448,64.946532
1000,72,369.488527,585.118723,4025.057459,64.617333
1000,73,363.321413,584.595076,4025.366267,64.940612
1000,74,368.120003,583.882909,4024.459381,64.905692
1000,75,370.346824,583.343371,4023.822783,65.199261
1000,76,369.151578,585.091704,4024.639920,64.606723
1000,77,365.287235,584.111358,4025.551786,64.874572
1000,78,372.926062,583.953879,4026.058884,64.937362
1000,79,371.791018,587.842862,4024.539160,65.038852
1000,80,372.765183,591.743335,4024.949418,64.579694
1000,81,368.465682,588.076601,4029.734028,64.956282
1000,82,374.146147,591.279877,4024.974238,62.397393
1000,83,370.548343,584.310457,4025.116948,64.988481
1000,84,372.440014,583.271382,4025.195348,65.038402
1000,85,365.320205,582.842603,4024.830929,65.069972
1000,86,370.564292,583.948909,4025.278957,64.746982
1000,87,367.117328,582.302475,4025.288128,64.524913
1000,88,366.603989,582.039617,4026.511501,64.479065
1000,89,366.794539,596.933593,4025.097388,64.473864
1000,90,363.851271,582.664264,4025.560676,64.539134
1000,91,365.633683,584.532576,4023.031337,64.977342
1000,92,364.338119,583.680500,4024.179201,65.202471
1000,93,364.614178,591.514156,4024.081353,64.641482
1000,94,370.468003,583.979949,4025.306787,64.965732
1000,95,373.399870,585.437822,4025.985544,64.643534
1000,96,369.037999,594.720273,4024.844949,64.558713
1000,97,370.939611,589.676514,4024.309112,64.539363
1000,98,363.553882,583.079693,4025.043098,64.992492
1000,99,370.426593,586.626657,4023.873383,65.185601
1000,100,366.561830,588.551928,4024.942859,65.151281
